{
  "timestamp": "2026-03-01T10:12:41.224185",
  "overall": {
    "n": 25,
    "missing": [],
    "mape": 0.09110959367201307,
    "mae": 882255.266,
    "rmse": 1511172.5554102215,
    "r_squared": 0.9508148150557283,
    "within_10_pct": 0.64,
    "within_20_pct": 1.0,
    "within_30_pct": 1.0,
    "median_pct_error": 0.06384630454967499,
    "max_pct_error": 0.19817143494897954
  },
  "per_type": {
    "commercial": {
      "n": 6,
      "mape": 0.09282967728741064,
      "mae": 995447.1216666665,
      "rmse": 1454032.9647252064,
      "r_squared": 0.9473687226215524,
      "within_10_pct": 0.5,
      "within_20_pct": 1.0,
      "within_30_pct": 1.0
    },
    "industrial": {
      "n": 1,
      "mape": 0.06297023641975309,
      "mae": 1020117.8300000001,
      "rmse": 1020117.8300000001,
      "r_squared": 0.0,
      "within_10_pct": 1.0,
      "within_20_pct": 1.0,
      "within_30_pct": 1.0
    },
    "infrastructure": {
      "n": 5,
      "mape": 0.08698780100025284,
      "mae": 703533.3700000002,
      "rmse": 1125550.6917341182,
      "r_squared": 0.9491540124944617,
      "within_10_pct": 0.8,
      "within_20_pct": 1.0,
      "within_30_pct": 1.0
    },
    "institutional": {
      "n": 13,
      "mape": 0.09406557974268044,
      "mae": 888147.2492307691,
      "rmse": 1687757.47768318,
      "r_squared": 0.9388960688654847,
      "within_10_pct": 0.6153846153846154,
      "within_20_pct": 1.0,
      "within_30_pct": 1.0
    }
  },
  "per_division": {
    "01_general_requirements": {
      "n": 25,
      "mape": 0.1521260277357177,
      "mae": 92504.6584,
      "rmse": 134421.30147699706,
      "within_20_pct": 0.64,
      "avg_actual": 611727.0272,
      "avg_predicted": 588953.8768000001
    },
    "02_existing_conditions": {
      "n": 25,
      "mape": 0.12632848958070472,
      "mae": 20545.528800000007,
      "rmse": 28945.232190100265,
      "within_20_pct": 0.84,
      "avg_actual": 182370.3328,
      "avg_predicted": 188808.0232
    },
    "03_concrete": {
      "n": 25,
      "mape": 0.12803257122445075,
      "mae": 110814.13079999998,
      "rmse": 167908.38162165525,
      "within_20_pct": 0.84,
      "avg_actual": 790687.7376000001,
      "avg_predicted": 758232.7908
    },
    "04_masonry": {
      "n": 25,
      "mape": 0.12616030766603306,
      "mae": 45515.17879999999,
      "rmse": 71702.71155913999,
      "within_20_pct": 0.68,
      "avg_actual": 361568.97439999995,
      "avg_predicted": 354825.9988
    },
    "05_metals": {
      "n": 25,
      "mape": 0.14022539821933952,
      "mae": 97901.3004,
      "rmse": 150638.09666114874,
      "within_20_pct": 0.8,
      "avg_actual": 743587.1231999999,
      "avg_predicted": 749200.0180000002
    },
    "06_wood_plastics_composites": {
      "n": 25,
      "mape": 0.10439495821844151,
      "mae": 27108.952799999992,
      "rmse": 45395.76407578391,
      "within_20_pct": 0.84,
      "avg_actual": 262929.416,
      "avg_predicted": 264938.0936
    },
    "07_thermal_moisture": {
      "n": 25,
      "mape": 0.12945089198190446,
      "mae": 56255.48999999999,
      "rmse": 82688.78280777506,
      "within_20_pct": 0.8,
      "avg_actual": 455910.9504,
      "avg_predicted": 458359.1244
    },
    "08_openings": {
      "n": 25,
      "mape": 0.09040285974303959,
      "mae": 45041.903999999995,
      "rmse": 91029.06458459416,
      "within_20_pct": 0.88,
      "avg_actual": 449481.9088,
      "avg_predicted": 479421.1831999999
    },
    "09_finishes": {
      "n": 25,
      "mape": 0.10250086125456453,
      "mae": 79397.222,
      "rmse": 152737.18410077144,
      "within_20_pct": 0.92,
      "avg_actual": 632119.8879999999,
      "avg_predicted": 628071.0932
    },
    "10_specialties": {
      "n": 25,
      "mape": 0.12854758488675877,
      "mae": 25309.4444,
      "rmse": 40156.638156176516,
      "within_20_pct": 0.64,
      "avg_actual": 182991.81920000003,
      "avg_predicted": 183703.7996
    },
    "11_equipment": {
      "n": 25,
      "mape": 0.14142639477106086,
      "mae": 40351.492,
      "rmse": 60988.968989387584,
      "within_20_pct": 0.84,
      "avg_actual": 292475.0832,
      "avg_predicted": 301452.588
    },
    "12_furnishings": {
      "n": 25,
      "mape": 0.1001634279430694,
      "mae": 18222.365999999998,
      "rmse": 30340.22595707876,
      "within_20_pct": 0.92,
      "avg_actual": 163668.3712,
      "avg_predicted": 164814.85880000002
    },
    "13_special_construction": {
      "n": 25,
      "mape": 0.11401377118183947,
      "mae": 11614.107200000002,
      "rmse": 22156.233007731975,
      "within_20_pct": 0.84,
      "avg_actual": 117540.61439999999,
      "avg_predicted": 122865.62240000001
    },
    "14_conveying_equipment": {
      "n": 25,
      "mape": 0.12956666707365336,
      "mae": 21709.610399999994,
      "rmse": 38593.326585113326,
      "within_20_pct": 0.84,
      "avg_actual": 142789.30240000002,
      "avg_predicted": 158206.26559999998
    },
    "21_fire_suppression": {
      "n": 25,
      "mape": 0.14263178472018326,
      "mae": 32718.224000000002,
      "rmse": 49980.39437511401,
      "within_20_pct": 0.68,
      "avg_actual": 237667.2672,
      "avg_predicted": 227412.0376
    },
    "22_plumbing": {
      "n": 25,
      "mape": 0.13366629695782456,
      "mae": 55268.7968,
      "rmse": 83130.96043826661,
      "within_20_pct": 0.72,
      "avg_actual": 384701.36799999996,
      "avg_predicted": 367100.632
    },
    "23_hvac": {
      "n": 25,
      "mape": 0.12416668945308623,
      "mae": 117403.3432,
      "rmse": 193693.804543684,
      "within_20_pct": 0.88,
      "avg_actual": 840564.3184,
      "avg_predicted": 851458.2792
    },
    "26_electrical": {
      "n": 25,
      "mape": 0.1286866346841399,
      "mae": 103468.8716,
      "rmse": 149214.90330856142,
      "within_20_pct": 0.76,
      "avg_actual": 709643.1376,
      "avg_predicted": 732756.3931999999
    }
  },
  "assessment": {
    "total_mape_pass": true,
    "within_10_pass": true,
    "within_20_pass": true,
    "within_30_pass": true,
    "division_mape_pass": true,
    "division_failures": []
  },
  "case_details": [
    {
      "project_id": "PRJ-001",
      "name": "State Office Building \u2014 Electrical Infrastructure Replacement",
      "building_type": "commercial",
      "sub_type": "office_midrise",
      "actual_total": 8750000,
      "predicted_total": 7421716.67,
      "absolute_error": 1328283.33,
      "pct_error": 0.15180380914285715,
      "within_10": false,
      "within_20": true,
      "within_30": true
    },
    {
      "project_id": "PRJ-002",
      "name": "State Correctional Facility \u2014 Multiple Building Renovations",
      "building_type": "institutional",
      "sub_type": "community_center",
      "actual_total": 6200000,
      "predicted_total": 5757409.38,
      "absolute_error": 442590.6200000001,
      "pct_error": 0.07138558387096776,
      "within_10": true,
      "within_20": true,
      "within_30": true
    },
    {
      "project_id": "PRJ-003",
      "name": "State Hospital \u2014 Patient Care Unit Renovation",
      "building_type": "institutional",
      "sub_type": "clinic_outpatient",
      "actual_total": 12400000,
      "predicted_total": 10013932.01,
      "absolute_error": 2386067.99,
      "pct_error": 0.19242483790322581,
      "within_10": false,
      "within_20": true,
      "within_30": true
    },
    {
      "project_id": "PRJ-004",
      "name": "Caltrans District Office \u2014 Interior Renovation & ADA Upgrade",
      "building_type": "commercial",
      "sub_type": "office_lowrise",
      "actual_total": 4850000,
      "predicted_total": 5703226.9,
      "absolute_error": 853226.9000000004,
      "pct_error": 0.17592307216494854,
      "within_10": false,
      "within_20": true,
      "within_30": true
    },
    {
      "project_id": "PRJ-005",
      "name": "State School for the Blind \u2014 Academic Building Renovation",